Query_ID	Target_ID	Optimal_offset	p-value	E-value	q-value	Overlap	Query_consensus	Target_consensus	Orientation
ARAAATC	HXC6_MOUSE.H11MO.0.D	6	0.000112207	0.0601429	0.119461	7	AGAAATC	AAAGTAATAAATCAT	-
ARAAATC	HXA9_MOUSE.H11MO.0.B	2	0.000820613	0.439849	0.268414	7	AGAAATC	CCATAAATCAT	-
ARAAATC	GFI1_MOUSE.H11MO.0.C	-2	0.00103822	0.556488	0.268414	5	AGAAATC	AAATCACAGC	-
ARAAATC	HXB6_MOUSE.H11MO.0.D	3	0.00121625	0.651912	0.268414	7	AGAAATC	TGCATCAATCATT	-
ARAAATC	HXB7_MOUSE.H11MO.0.C	1	0.00148477	0.795834	0.268414	7	AGAAATC	CATTAATCAA	-
ARAAATC	ZEP1_MOUSE.H11MO.0.D	2	0.0015127	0.810805	0.268414	7	AGAAATC	TGGGAAATCCCC	+
ARAAATC	HXB8_MOUSE.H11MO.0.C	2	0.0022426	1.20203	0.341082	7	AGAAATC	GCATTAATCAA	-
ARAAATC	CDX4_MOUSE.H11MO.0.A	4	0.00265328	1.42216	0.346597	7	AGAAATC	GGCCATAAATCA	-
ARAAATC	EVX1_MOUSE.H11MO.0.C	5	0.00306378	1.64219	0.346597	7	AGAAATC	AGGCCATAAATCA	-
ARAAATC	MEIS1_MOUSE.H11MO.0.A	3	0.00325552	1.74496	0.346597	7	AGAAATC	GCCATAAATCAT	-
CTCTGCCTCC	EGR4_MOUSE.H11MO.0.D	1	0.00018284	0.0980024	0.193848	10	CTCTGCCTCC	GCCCTGCCGCC	-

# Tomtom (Motif Comparison Tool): Version 5.0.4 compiled on Feb 14 2019 at 08:40:18
# The format of this file is described at http://meme-suite.org//doc/tomtom-output-format.html.
# tomtom -oc . dreme.html /home/ryan.friedman/CRX-Genomic-Analysis/Data/Downloaded/Pwm/photoreceptorMotifsAndHOCOMOCOv11_full_MOUSE.meme
